insert into categoria (id,nome,URL_IMAGE) values(1,'Sorveteria','image');
insert into categoria (id,nome,URL_IMAGE) values(2,'Lanchonete','image');
insert into categoria (id,nome,URL_IMAGE) values(3,'Hamburguer','image');
insert into categoria (id,nome,URL_IMAGE) values(4,'Sorverte','image');

Insert into  loja (id,nome,url_Logo,premium,nota,categoria_id) values(1,'Riphe78','logo',true,4.0,1);
Insert into  loja (id,nome,url_Logo,premium,nota,categoria_id) values(2,'Riphe78 - plus','logo',true,3.0,1);
Insert into  loja (id,nome,url_Logo,premium,nota,categoria_id) values(3,'Pheri - plus','logo',true,3.5,1);
Insert into  loja (id,nome,url_Logo,premium,nota,categoria_id) values(4,'Pheri - plus vita','logo',true,4.5,2);
Insert into  item (id,nome,valor,url_Image,loja_id,categoria_id) values(1,'Hamburguer X DUplo Prime',3.5,'null',1,3);
Insert into  item (id,nome,valor,url_Image,loja_id,categoria_id) values(2,'Hamburguer X DUplo',3.5,'null',2,3);
Insert into  item (id,nome,valor,url_Image,loja_id,categoria_id) values(3,'Hamburguer X DUplo',3.5,'null',3,3);
Insert into  item (id,nome,valor,url_Image,loja_id,categoria_id) values(4,'Hamburguer X DUplo',3.5,'null',4,3);
Insert into  item (id,nome,valor,url_Image,loja_id,categoria_id) values(5,'Hamburguer X DUplo Prime 1',3.5,'null',1,3);
Insert into  item (id,nome,valor,url_Image,loja_id,categoria_id) values(6,'Hamburguer X DUplo',3.5,'null',2,3);
Insert into  item (id,nome,valor,url_Image,loja_id,categoria_id) values(7,'Hamburguer X DUplo',3.5,'null',3,3);
Insert into  item (id,nome,valor,url_Image,loja_id,categoria_id) values(8,'Hamburguer X DUplo',3.5,'null',4,3);
Insert into  item (id,nome,valor,url_Image,loja_id,categoria_id) values(9,'Hamburguer X DUplo Prime 2',3.5,'null',1,3);
Insert into  item (id,nome,valor,url_Image,loja_id,categoria_id) values(10,'X-tudo',3.5,'null',2,3);